{"cameraMode":{"drawMode":0,"name":"Shaded","section":"Shading Mode"},"sceneLighting":false,"audioPlay":false,"sceneViewState":{"m_AlwaysRefresh":false,"showFog":false,"showSkybox":false,"showFlares":false,"showImageEffects":false,"showParticleSystems":false,"showVisualEffectGraphs":true,"m_FxEnabled":true},"in2DMode":false,"pivot":{"x":0.00044912099838256836,"y":0.7491794228553772,"z":0.1355765461921692},"rotation":{"x":0.02550499327480793,"y":-0.9642420411109924,"z":0.24395997822284699,"w":0.10074049979448319},"size":1.3837788105010987,"orthographic":false}