{"cameraMode":{"drawMode":0,"name":"Shaded","section":"Shading Mode"},"sceneLighting":false,"audioPlay":false,"sceneViewState":{"m_AlwaysRefresh":false,"showFog":true,"showSkybox":false,"showFlares":true,"showImageEffects":true,"showParticleSystems":true,"showVisualEffectGraphs":true,"m_FxEnabled":true},"in2DMode":false,"pivot":{"x":0.0515693724155426,"y":0.5914731025695801,"z":-0.4972369372844696},"rotation":{"x":-0.002507016994059086,"y":0.9583141803741455,"z":-0.28577303886413576,"w":-0.008650606498122216},"size":1.274430751800537,"orthographic":false}