{"cameraMode":{"drawMode":0,"name":"Shaded","section":"Shading Mode"},"sceneLighting":true,"audioPlay":false,"sceneViewState":{"m_AlwaysRefresh":false,"showFog":true,"showSkybox":true,"showFlares":true,"showImageEffects":true,"showParticleSystems":true,"showVisualEffectGraphs":true,"m_FxEnabled":true},"in2DMode":false,"pivot":{"x":-0.02205127477645874,"y":1.0621907711029053,"z":0.060318753123283389},"rotation":{"x":-0.21973642706871034,"y":0.7469431757926941,"z":-0.2968846559524536,"w":-0.552891731262207},"size":22.462020874023439,"orthographic":false}