{"cameraMode":{"drawMode":0,"name":"Shaded","section":"Shading Mode"},"sceneLighting":true,"audioPlay":false,"sceneViewState":{"m_AlwaysRefresh":false,"showFog":true,"showSkybox":true,"showFlares":true,"showImageEffects":true,"showParticleSystems":true,"showVisualEffectGraphs":true,"m_FxEnabled":true},"in2DMode":false,"pivot":{"x":1.923958659172058,"y":1.4049444198608399,"z":-0.45406612753868105},"rotation":{"x":0.02007972076535225,"y":-0.9795158505439758,"z":0.12587475776672364,"w":0.15616567432880402},"size":3.2731592655181886,"orthographic":false}