{"cameraMode":{"drawMode":0,"name":"Shaded","section":"Shading Mode"},"sceneLighting":true,"audioPlay":false,"sceneViewState":{"m_AlwaysRefresh":false,"showFog":true,"showSkybox":true,"showFlares":true,"showImageEffects":true,"showParticleSystems":true,"showVisualEffectGraphs":true,"m_FxEnabled":true},"in2DMode":false,"pivot":{"x":-0.02336014434695244,"y":0.36469727754592898,"z":-0.16929253935813905},"rotation":{"x":-0.16927339136600495,"y":0.8152667284011841,"z":-0.46929916739463808,"w":-0.29409322142601015},"size":1.1336300373077393,"orthographic":false}