{"cameraMode":{"drawMode":0,"name":"Shaded","section":"Shading Mode"},"sceneLighting":true,"audioPlay":false,"sceneViewState":{"m_AlwaysRefresh":false,"showFog":true,"showSkybox":true,"showFlares":true,"showImageEffects":true,"showParticleSystems":true,"showVisualEffectGraphs":true,"m_FxEnabled":true},"in2DMode":false,"pivot":{"x":-1.7051641941070557,"y":0.24450552463531495,"z":-0.35526132583618166},"rotation":{"x":-0.03683813288807869,"y":-0.956720232963562,"z":0.25278377532958987,"w":-0.1396179050207138},"size":1.2917567491531373,"orthographic":false}