{"cameraMode":{"drawMode":0,"name":"Shaded","section":"Shading Mode"},"sceneLighting":true,"audioPlay":false,"sceneViewState":{"m_AlwaysRefresh":false,"showFog":true,"showSkybox":true,"showFlares":true,"showImageEffects":true,"showParticleSystems":true,"showVisualEffectGraphs":true,"m_FxEnabled":true},"in2DMode":false,"pivot":{"x":-0.6884006261825562,"y":1.366452693939209,"z":0.12896782159805299},"rotation":{"x":0.04007069393992424,"y":-0.8503936529159546,"z":0.06544225662946701,"w":0.5205508470535278},"size":2.181696653366089,"orthographic":false}