{"cameraMode":{"drawMode":0,"name":"Shaded","section":"Shading Mode"},"sceneLighting":true,"audioPlay":false,"sceneViewState":{"m_AlwaysRefresh":false,"showFog":true,"showSkybox":true,"showFlares":true,"showImageEffects":true,"showParticleSystems":true,"showVisualEffectGraphs":true,"m_FxEnabled":true},"in2DMode":false,"pivot":{"x":0.05806070566177368,"y":0.7358783483505249,"z":0.09529504179954529},"rotation":{"x":0.032186489552259448,"y":-0.9668157696723938,"z":0.15533916652202607,"w":0.20030589401721955},"size":0.8364434242248535,"orthographic":false}