{"cameraMode":{"drawMode":0,"name":"Shaded","section":"Shading Mode"},"sceneLighting":true,"audioPlay":false,"sceneViewState":{"m_AlwaysRefresh":false,"showFog":true,"showSkybox":true,"showFlares":true,"showImageEffects":true,"showParticleSystems":true,"showVisualEffectGraphs":true,"m_FxEnabled":true},"in2DMode":false,"pivot":{"x":0.05806070566177368,"y":0.7358783483505249,"z":0.09529504179954529},"rotation":{"x":0.0601530484855175,"y":-0.9398412108421326,"z":0.2407912164926529,"w":0.23477225005626679},"size":2.3792927265167238,"orthographic":false}