{"cameraMode":{"drawMode":0,"name":"Shaded","section":"Shading Mode"},"sceneLighting":false,"audioPlay":false,"sceneViewState":{"m_AlwaysRefresh":false,"showFog":true,"showSkybox":false,"showFlares":true,"showImageEffects":true,"showParticleSystems":true,"showVisualEffectGraphs":true,"m_FxEnabled":true},"in2DMode":false,"pivot":{"x":0.010445143096148968,"y":0.643329381942749,"z":-2.0157830715179445},"rotation":{"x":-0.002507016994059086,"y":0.9583141803741455,"z":-0.28577303886413576,"w":-0.008650606498122216},"size":2.11599063873291,"orthographic":false}